Sample ,Cylno,Acrnoym,Rep,Plant,Geno,Species,Genotype,PlantPart,Treatment,Specie_Trt,Origin,TWT ,TE ,TWA ,LastTranspiration ,Concentration,Disarticulted_Phytoliths,Skeleton_Phytoliths,Total_Phytoliths,TotalPhytoliths_50,RatioS/F,TotalRatioS/F,RatioS/F_concentration,RatioS/F_percentage,Trichomes,Saddle,Rondels,Tracheary,Blocky,BulliformFlabellate,BulliformTOT,ElongClavate,ElongSinuate,ElongEntire,ElongDentate,ElongCrenate,ElongateTOT,Stoma,Cross,Bilobate,Polylobate,TriCONCE,SaddleCONCE,RondelsCONCE,TracheCONCE,BlockyCONCE,BulliFlabellateCONCE,BulliTOTCONCE,ClavateCONCE,SinuateCONCE,EntireCONCE,DentateCONCE,CrenateCONCE,ElongateTOTCONCE,StomaCONCE,CrossCONCE,BilobateCONCE,PolylobateCONCE,TriPER,SaddlePER,RondelPER,TrachePER,BlockyPER,BulliFlabPER,ClavPER,SinuPER,EntirePER,DenPER,CrenPER,StomaPER,CrossPER,BiloPER,PolyPER
1,192002,FM1R1WW,1,1,1,FM,IE2511,Leaf,WW,FM_WW,Kenya,43.03,5.879618871,34.53,6.48,6.045849802,57,263,320,318,7.026315789,305,7.026315789,6.973684211,11,19,17,2,1,1,2,0,174,83,7,0,264,3,1,1,0,0.207826087,0.358972332,0.321185771,0.037786561,0.018893281,0.018893281,0.037786561,0,3.28743083,1.568142292,0.132252964,0,4.987826087,0.056679842,0.018893281,0.018893281,0,3.459119497,5.974842767,5.34591195,0.628930818,0.314465409,0.314465409,0,54.08805031,26.10062893,2.201257862,0,0.943396226,0.314465409,0.314465409,0
2,192013,FM1R2WW,2,1,1,FM,IE2511,Leaf,WW,FM_WW,Kenya,32.99,12.58866323,27.09,3.92,13.13541667,36,449,485,485,15.92857143,474,15.92857143,15.92857143,6,21,5,0,1,4,5,0,117,194,128,0,439,7,1,1,0,0.1625,0.56875,0.135416667,0,0.027083333,0.108333333,0.135416667,0,3.16875,5.254166667,3.466666667,0,11.88958333,0.189583333,0.027083333,0.027083333,0,1.237113402,4.329896907,1.030927835,0,0.206185567,0.824742268,0,24.12371134,40,26.39175258,0,1.443298969,0.206185567,0.206185567,0
4,192506,FM1R1WS,1,1,1,FM,IE2511,Leaf,WS,FM_WS,Kenya,9.98,6.801603206,1,0.32,3.537212089,31,297,328,322,10.81481481,319,10.81481481,10.59259259,8,18,9,0,0,1,1,0,102,102,83,0,287,5,0,0,0,0.086273466,0.194115298,0.097057649,0,0,0.010784183,0.010784183,0,1.099986686,1.099986686,0.895087205,0,3.095060578,0.053920916,0,0,0,2.48447205,5.590062112,2.795031056,0,0,0.310559006,0,29.8136646,31.67701863,25.77639752,0,1.552795031,0,0,0
5,192511,FM1R2WS,2,1,1,FM,IE2511,Leaf,WS,FM_WS,Kenya,9.18,4.477124183,1,0.17,7.994734482,21,323,344,334,18.41176471,330,18.41176471,17.82352941,14,14,3,0,0,0,0,0,105,173,29,0,307,6,0,0,0,0.325367101,0.325367101,0.069721522,0,0,0,0,0,2.440253257,4.020607748,0.673974709,0,7.134835715,0.139443043,0,0,0,4.191616766,4.191616766,0.898203593,0,0,0,0,29.64071856,50.5988024,8.682634731,0,1.796407186,0,0,0
7,192003,FM6R1WW,1,2,6,FM,IE4450,Leaf,WW,FM_WW,Tanzania,34.21,3.648056124,27.61,4.61,14.93710365,32,445,477,477,4.543209877,449,4.543209877,4.543209877,17,49,27,0,9,2,11,0,234,66,38,22,360,8,2,3,0,0.532349606,1.534419453,0.845496433,0,0.281832144,0.062629365,0.34446151,0,7.327635753,2.066769059,1.189957943,0.68892302,11.27328577,0.250517462,0.062629365,0.093944048,0,3.5639413,10.27253669,5.660377358,0,1.886792453,0.419287212,0,49.05660377,13.83647799,7.966457023,4.612159329,1.677148847,0.419287212,0.628930818,0
8,192020,FM6R2WW,2,2,6,FM,IE4450,Leaf,WW,FM_WW,Tanzania,23.37,8.023106547,19.96,1.39,20.60226839,63,354,417,417,5.1875,396,5.1875,5.1875,19,54,10,0,2,0,2,0,103,179,43,4,329,3,0,0,0,0.938712469,2.667919648,0.494059194,0,0.098811839,0,0.098811839,0,5.088809699,8.843659574,2.124454534,0.197623678,16.25454748,0.148217758,0,0,0,4.556354916,12.94964029,2.398081535,0,0.479616307,0,0,24.70023981,42.92565947,10.3117506,0.959232614,0.71942446,0,0,0
10,192507,FM6R1WS,1,2,6,FM,IE4450,Leaf,WS,FM_WS,Tanzania,11.31,4.557029178,1,0.62,5.624843903,54,413,467,467,2.982142857,446,2.982142857,2.982142857,21,68,35,0,0,0,0,0,124,103,96,0,323,11,3,6,0,0.252937306,0.819035087,0.421562177,0,0,0,0,0,1.49353457,1.240597263,1.156284828,0,3.890416661,0.13249097,0.036133901,0.072267802,0,4.496788009,14.56102784,7.494646681,0,0,0,0,26.55246253,22.05567452,20.55674518,0,2.355460385,0.642398287,1.284796574,0
11,192514,FM6R2WS,2,2,6,FM,IE4450,Leaf,WS,FM_WS,Tanzania,10.79,4.109360519,1,0.39,10.67044895,88,501,589,577,2.540372671,570,2.540372671,2.554140127,16,136,15,0,1,2,3,0,237,124,4,36,401,8,9,1,0,0.289859394,2.463804852,0.271743182,0,0.018116212,0.036232424,0.054348636,0,4.293542279,2.246410306,0.072464849,0.652183637,7.264601071,0.144929697,0.163045909,0.018116212,0,2.772963605,22.87694974,2.59965338,0,0.173310225,0.346620451,0,39.68804159,21.49046794,0.693240901,6.239168111,1.386481802,1.559792028,0.173310225,0
13,191006,PM2R1WW,1,1,2,PM,IP9859,Leaf,WW,PM_WW,Sudan,33.16,4.850422195,25.19,5.96,36.92144289,40,2213,2253,2253,2.429906542,2202,2.429906542,2.429906542,48,8,25,0,3,0,3,1200,47,211,3,30,1491,69,447,160,2,0.78695793,0.131159655,0.409873922,0,0.049184871,0,0.049184871,19.67394825,0.770562973,3.459335901,0.049184871,0.491848706,24.44488071,1.131252025,7.328545725,2.623193101,0.032789914,2.130492676,0.355082113,1.109631602,0,0.133155792,0,53.26231691,2.086107412,9.365290723,0.133155792,1.331557923,3.062583222,19.84021305,7.101642255,0.088770528
14,191020,PM2R2WW,2,1,2,PM,IP9859,Leaf,WW,PM_WW,Sudan,32.39,9.928990429,25.1,5.28,10.26849395,34,490,524,524,4.811764706,494,4.811764706,4.811764706,30,0,2,0,0,0,0,15,304,45,27,0,391,18,76,5,2,0.587890875,0,0.039192725,0,0,0,0,0.293945438,5.957294202,0.881836313,0.529101788,0,7.66217774,0.352734525,1.48932355,0.097981813,0.039192725,5.72519084,0,0.381679389,0,0,0,2.86259542,58.01526718,8.58778626,5.152671756,0,3.435114504,14.50381679,0.954198473,0.381679389
16,191506,PM2R1WS,1,1,2,PM,IP9859,Leaf,WS,PM_WS,Sudan,0.44,164.5454545,0,NA,9.291638607,26,561,587,587,4.485436893,565,4.485436893,4.485436893,22,0,5,0,0,0,0,54,207,190,1,0,452,10,48,47,3,0.348238585,0,0.079145133,0,0,0,0,0.854767436,3.276608504,3.007515052,0.015829027,0,7.154720018,0.158290266,0.759793276,0.74396425,0.04748708,3.747870528,0,0.851788756,0,0,0,9.199318569,35.26405451,32.36797274,0.170357751,0,1.703577513,8.177172061,8.00681431,0.511073254
17,191517,PM2R2WS,2,1,2,PM,IP9859,Leaf,WS,PM_WS,Sudan,3.51,38.86039886,0,NA,6.952570478,31,650,681,681,5.845360825,664,5.845360825,5.845360825,17,0,3,0,0,0,0,275,186,25,39,15,540,27,87,6,1,0.173559028,0,0.030628064,0,0,0,0,2.807572513,1.898939954,0.255233865,0.398164829,0.153140319,5.51305148,0.275652574,0.88821385,0.061256128,0.010209355,2.496328928,0,0.440528634,0,0,0,40.38179148,27.31277533,3.671071953,5.726872247,2.202643172,3.964757709,12.7753304,0.881057269,0.146842878
19,191005,PM7R1WW,1,1,7,PM,IP18019,Leaf,WW,PM_WW,Pakistan,25.84,9.88003096,22.81,1.02,11.83815092,34,383,417,417,12.5,405,12.5,12.5,11,0,0,0,1,0,1,64,167,130,4,0,365,10,15,13,2,0.312277362,0,0,0,0.028388851,0,0.028388851,1.816886472,4.740938137,3.690550646,0.113555404,0,10.36193066,0.283888511,0.425832767,0.369055065,0.056777702,2.637889688,0,0,0,0.239808153,0,15.34772182,40.04796163,31.17505995,0.959232614,0,2.398081535,3.597122302,3.117505995,0.479616307
20,191019,PM7R2WW,2,2,7,PM,IP18019,Leaf,WW,PM_WW,Pakistan,30.22,11.55261416,26.45,1.79,8.150009925,19,622,641,641,4.702702703,633,4.702702703,4.702702703,8,1,2,0,0,0,0,212,267,15,0,0,494,28,75,33,0,0.101716193,0.012714524,0.025429048,0,0,0,0,2.695479102,3.394777925,0.190717861,0,0,6.280974887,0.356006674,0.953589305,0.419579294,0,1.248049922,0.15600624,0.31201248,0,0,0,33.07332293,41.65366615,2.340093604,0,0,4.368174727,11.70046802,5.148205928,0
22,191509,PM7R1WS,1,1,7,PM,IP18019,Leaf,WS,PM_WS,Pakistan,5.53,2.513562387,0,0.33,14.60545732,38,382,420,417,3.975308642,403,3.975308642,3.938271605,17,0,2,0,0,0,0,206,70,40,2,0,318,4,46,31,2,0.591173273,0,0.069549797,0,0,0,0,7.163629068,2.434242887,1.390995935,0.069549797,0,11.05841769,0.139099594,1.599645326,1.07802185,0.069549797,4.076738609,0,0.479616307,0,0,0,48.92086331,16.78657074,9.592326139,0.479616307,0,0.71942446,11.03117506,7.434052758,0.479616307
23,191511,PM7R2WS,2,1,7,PM,IP18019,Leaf,WS,PM_WS,Pakistan,8.07,13.13506815,0,0.16,5.49111732,32,362,394,394,7.880952381,373,7.880952381,7.880952381,21,0,0,0,0,0,0,29,169,115,8,0,321,10,29,13,0,0.292673766,0,0,0,0,0,0,0.404168534,2.355326972,1.602737289,0.111494768,0,4.473727563,0.13936846,0.404168534,0.181178998,0,5.329949239,0,0,0,0,0,7.360406091,42.89340102,29.18781726,2.030456853,0,2.538071066,7.360406091,3.299492386,0
25,19106,S5R1WW,1,2,5,S,IS11061,Leaf,WW,S_WW,Ethiopia,16.3,7.012269939,11.77,2.55,49.21494437,15,1739,1754,1754,4.393081761,1715,4.393081761,4.393081761,20,4,4,0,16,3,19,1019,216,7,50,0,1292,105,181,123,6,0.561173824,0.112234765,0.112234765,0,0.448939059,0.084176074,0.533115133,28.59180634,6.0606773,0.196410838,1.40293456,0,36.25182903,2.946162576,5.078623108,3.451219018,0.168352147,1.140250855,0.228050171,0.228050171,0,0.912200684,0.171037628,58.09578107,12.31470924,0.399087799,2.850627138,0,5.98631699,10.31927024,7.012542759,0.342075257
26,19119,S5R2WW,2,2,5,S,IS11061,Leaf,WW,S_WW,Ethiopia,16.79,7.355568791,12.19,2.61,47.44552558,6,719,725,725,8.133333333,685,8.133333333,8.133333333,29,0,0,1,7,3,10,317,260,0,9,0,586,24,67,8,0,1.897821023,0,0,0.065442104,0.45809473,0.196326313,0.654421042,20.74514704,17.0149471,0,0.588978938,0,38.34907309,1.570610502,4.384620984,0.523536834,0,4,0,0,0.137931034,0.965517241,0.413793103,43.72413793,35.86206897,0,1.24137931,0,3.310344828,9.24137931,1.103448276,0
28,19503,S5R1WS,1,2,5,S,IS11061,Leaf,WS,S_WS,Ethiopia,7.93,NA,0,0.22,18.93224611,5,1193,1198,1198,6.081761006,1126,6.081761006,6.081761006,38,0,0,0,32,2,34,766,118,3,12,0,899,68,87,72,0,0.600521997,0,0,0,0.505702734,0.031606421,0.537309155,12.1052592,1.864778832,0.047409631,0.189638525,0,14.20708618,1.07461831,1.374879308,1.137831152,0,3.171953255,0,0,0,2.671118531,0.166944908,63.93989983,9.849749583,0.250417362,1.001669449,0,5.676126878,7.262103506,6.010016694,0
29,19518,S5R2WS,2,2,5,S,IS11061,Leaf,WS,S_WS,Ethiopia,8.58,3.181818182,0,0.54,23.96084123,24,410,434,434,8.720930233,418,8.720930233,8.720930233,10,0,0,0,5,1,6,232,125,10,3,0,370,5,25,16,2,0.552093116,0,0,0,0.276046558,0.055209312,0.33125587,12.80856029,6.901163949,0.552093116,0.165627935,0,20.42744529,0.276046558,1.38023279,0.883348985,0.110418623,2.304147465,0,0,0,1.152073733,0.230414747,53.4562212,28.80184332,2.304147465,0.69124424,0,1.152073733,5.760368664,3.686635945,0.460829493
31,19108,S8R1WW,1,1,8,S,IS35215,Leaf,WW,S_WW,Pakistan,20.12,6.933399602,18.11,0.98,36.99567994,17,757,774,774,14.72340426,739,14.72340426,14.72340426,27,0,0,0,3,5,8,184,428,3,26,0,641,51,44,3,0,1.290546975,0,0,0,0.143394108,0.23899018,0.382384289,8.794838642,20.45755945,0.143394108,1.242748939,0,30.63854114,2.437699841,2.103113588,0.143394108,0,3.488372093,0,0,0,0.387596899,0.645994832,23.77260982,55.29715762,0.387596899,3.359173127,0,6.589147287,5.684754522,0.387596899,0
32,19114,S8R2WW,2,2,8,S,IS35215,Leaf,WW,S_WW,Pakistan,17.47,8.208357184,15.45,1.13,30.23718454,13,750,763,763,5.110169492,721,5.110169492,5.110169492,40,0,7,1,1,0,1,224,279,29,33,6,571,32,71,35,5,1.585173502,0,0.277405363,0.039629338,0.039629338,0,0.039629338,8.876971609,11.05658517,1.149250789,1.307768139,0.237776025,22.62835174,1.268138801,2.813682965,1.387026814,0.198146688,5.242463958,0,0.917431193,0.131061599,0.131061599,0,29.35779817,36.56618611,3.80078637,4.325032765,0.786369594,4.193971166,9.305373526,4.587155963,0.655307995
34,19507,S8R1WS,1,2,8,S,IS35215,Leaf,WS,S_WS,Pakistan,8.57,7.211201867,0,0.08,32.25911959,13,1202,1215,1215,7.553846154,1112,7.553846154,7.553846154,94,0,1,0,7,2,9,393,532,7,14,0,946,36,119,10,0,2.495767277,0,0.026550716,0,0.18585501,0.053101431,0.238956441,10.43443128,14.12498076,0.18585501,0.37171002,0,25.11697707,0.955825766,3.15953517,0.265507157,0,7.736625514,0,0.082304527,0,0.576131687,0.164609053,32.34567901,43.78600823,0.576131687,1.152263374,0,2.962962963,9.794238683,0.823045267,0
35,19512,S8R2WS,2,2,8,S,IS35215,Leaf,WS,S_WS,Pakistan,9.63,7.476635514,0,0.08,24.04279157,18,1078,1096,1096,12.48051948,1038,12.48051948,12.48051948,53,0,2,0,5,0,5,302,607,7,1,0,917,44,47,28,0,1.162653242,0,0.043873707,0,0.109684268,0,0.109684268,6.624929793,13.31567015,0.153557975,0.021936854,0,20.11609477,0.965221559,1.03103212,0.614231901,0,4.835766423,0,0.182481752,0,0.45620438,0,27.55474453,55.38321168,0.638686131,0.091240876,0,4.01459854,4.288321168,2.554744526,0
82,192008,FM2R1WW,1,1,2,FM,IE3476,Leaf,WW,FM_WW,Kenya,30.14,7.99601858,23.12,5.04,17.44404152,59,341,400,396,5.03030303,398,5.03030303,5.061538462,2,43,22,0,0,0,0,8,225,40,41,0,314,18,1,0,0,0.087220208,1.875234463,0.959422283,0,0,0,0,0.34888083,9.812273353,1.744404152,1.788014255,0,13.69357259,0.784981868,0.043610104,0,0,0.505050505,10.60606061,5.555555556,0,0,0,2.02020202,56.81818182,10.1010101,9.595959596,0,4.545454545,0.252525253,0,0
83,192011,FM2R2WW,2,1,2,FM,IE3476,Leaf,WW,FM_WW,Kenya,32.52,7.235547355,25.53,5.01,20.49903152,147,280,427,427,7.294117647,423,7.294117647,7.294117647,4,39,9,0,0,0,0,0,157,137,60,0,354,18,3,0,0,0.192028398,1.872276883,0.432063896,0,0,0,0,0,7.537114633,6.576972642,2.880425975,0,16.99451325,0.864127792,0.144021299,0,0,0.93676815,9.133489461,2.107728337,0,0,0,0,36.76814988,32.08430913,14.05152225,0,4.215456674,0.702576112,0,0
85,192504,FM2R1WS,1,1,2,FM,IE3476,Leaf,WS,FM_WS,Kenya,9.2,5.826086957,1,0.64,6.362331817,97,349,446,446,6.660714286,429,6.660714286,6.660714286,12,31,15,3,2,0,2,8,258,75,26,1,368,5,3,4,3,0.171183816,0.442224857,0.21397977,0.042795954,0.028530636,0,0.028530636,0.114122544,3.680452038,1.069898848,0.370898267,0.014265318,5.249637015,0.07132659,0.042795954,0.057061272,0.042795954,2.69058296,6.950672646,3.3632287,0.67264574,0.448430493,0,1.793721973,57.84753363,16.8161435,5.829596413,0.224215247,1.121076233,0.67264574,0.896860987,0.67264574
86,192517,FM2R2WS,2,1,2,FM,IE3476,Leaf,WS,FM_WS,Kenya,10.35,6.243478261,1,0.28,9.017627031,55,384,439,433,5.560606061,433,5.560606061,5.484848485,6,32,30,0,0,0,0,44,208,88,17,1,358,9,4,0,0,0.12324775,0.657321333,0.616238749,0,0,0,0,0.903816832,4.272588662,1.807633665,0.349201958,0.020541292,7.353782408,0.184871625,0.082165167,0,0,1.154734411,7.390300231,6.928406467,0,0,0,10.16166282,48.0369515,19.16859122,3.926096998,0.230946882,2.07852194,0.923787529,0,0
88,192004,FM7R1WW,1,1,7,FM,IE4456,Leaf,WW,FM_WW,Tanzania,35.47,11.59007612,30.98,2.51,23.12633094,113,249,362,352,14.40909091,339,14.40909091,14.71428571,21,16,5,0,1,1,2,2,121,138,43,5,309,8,1,0,0,1.341582734,1.022158273,0.31942446,0,0.063884892,0.063884892,0.127769784,0.127769784,7.730071942,8.816115108,2.74705036,0.31942446,19.74043165,0.511079137,0.063884892,0,0,5.681818182,4.261363636,1.420454545,0,0.284090909,0.284090909,0.568181818,32.67045455,38.63636364,12.21590909,1.420454545,2.272727273,0.284090909,0,0
89,192012,FM7R2WW,2,1,7,FM,IE4456,Leaf,WW,FM_WW,Tanzania,29.19,20.4898938,23.89,3.28,9.636232834,58,253,311,311,6.512820513,293,6.512820513,6.512820513,12,28,11,0,5,1,6,0,124,99,3,24,250,4,0,0,0,0.371816058,0.867570802,0.340831386,0,0.154923357,0.030984671,0.185908029,0,3.842099265,3.067482478,0.092954014,0.743632116,7.746167873,0.123938686,0,0,0,3.8585209,9.003215434,3.536977492,0,1.607717042,0.321543408,0,39.87138264,31.83279743,0.964630225,7.717041801,1.286173633,0,0,0
91,192509,FM7R1WS,1,1,7,FM,IE4456,Leaf,WS,FM_WS,Tanzania,11.08,7.61732852,1,0.63,5.186028652,68,340,408,402,5.964285714,390,5.964285714,5.875,18,40,13,0,0,0,0,15,186,83,19,17,320,14,2,1,0,0.228795382,0.508434182,0.165241109,0,0,0,0,0.190662818,2.364218944,1.055000927,0.241506236,0.216084527,4.067473453,0.177951964,0.025421709,0.012710855,0,4.228855721,9.950248756,3.233830846,0,0,0,3.731343284,46.26865672,19.40298507,4.726368159,4.228855721,3.482587065,0.497512438,0.248756219,0
92,192515,FM7R2WS,2,1,7,FM,IE4456,Leaf,WS,FM_WS,Tanzania,10.85,3.582488479,1,0.45,4.790843163,150,320,470,470,1.435483871,453,1.435483871,1.435483871,14,114,56,3,0,0,0,36,166,40,13,7,262,5,16,0,0,0.142705967,1.162034299,0.570823866,0.03057985,0,0,0,0.3669582,1.692085032,0.407731333,0.132512683,0.071352983,2.670640232,0.050966417,0.163092533,0,0,2.978723404,24.25531915,11.91489362,0.638297872,0,0,7.659574468,35.31914894,8.510638298,2.765957447,1.489361702,1.063829787,3.404255319,0,0
94,191003,PM1R1WW,1,1,1,PM,IP13327,Leaf,WW,PM_WW,Sudan,35.74,6.566592054,27.73,5.99,21.99729409,21,967,988,988,4.356321839,932,4.356321839,4.356321839,23,35,49,0,33,0,33,4,564,85,65,0,718,40,32,58,0,0.512082757,0.77925637,1.090958918,0,0.734727434,0,0.734727434,0.089057871,12.55715979,1.892479755,1.447190401,0,15.98588781,0.890578708,0.712462967,1.291339127,0,2.327935223,3.542510121,4.95951417,0,3.340080972,0,0.4048583,57.08502024,8.603238866,6.578947368,0,4.048582996,3.238866397,5.870445344,0
95,191017,PM1R2WW,2,1,1,PM,IP13327,Leaf,WW,PM_WW,Sudan,31.69,8.184916377,24.63,5.06,10.80074329,32,453,485,485,9.863636364,478,9.863636364,9.863636364,7,2,9,0,0,0,0,12,273,120,15,0,420,14,25,8,0,0.155887017,0.044539148,0.200426164,0,0,0,0,0.267234886,6.079593648,2.672348856,0.334043607,0,9.353220997,0.311774033,0.556739345,0.17815659,0,1.443298969,0.412371134,1.855670103,0,0,0,2.474226804,56.28865979,24.74226804,3.092783505,0,2.886597938,5.154639175,1.649484536,0
97,191508,PM1R1WS,1,1,1,PM,IP13327,Leaf,WS,PM_WS,Sudan,7.91,5.600505689,0,1.76,30.07434498,13,823,836,824,4.258278146,794,4.258278146,4.178807947,41,3,9,1,0,0,0,134,381,67,43,12,637,6,123,13,3,1.474937971,0.107922291,0.323766872,0.035974097,0,0,0,4.82052898,13.70613091,2.41026449,1.546886165,0.431689162,22.9154997,0.215844581,4.424813914,0.467663259,0.107922291,4.975728155,0.36407767,1.09223301,0.121359223,0,0,14.80582524,46.23786408,8.131067961,5.218446602,1.45631068,0.72815534,14.92718447,1.577669903,0.36407767
98,191518,PM1R2WS,2,1,1,PM,IP13327,Leaf,WS,PM_WS,Sudan,7.6,17.10526316,0,0.26,3.473180035,39,305,344,344,3.970588235,338,3.970588235,3.970588235,6,1,8,0,0,0,0,32,151,53,25,0,261,9,46,13,0,0.060578722,0.010096454,0.080771629,0,0,0,0,0.323086515,1.524564492,0.53511204,0.25241134,0,2.635174387,0.090868082,0.464436865,0.131253897,0,1.744186047,0.290697674,2.325581395,0,0,0,9.302325581,43.89534884,15.40697674,7.26744186,0,2.61627907,13.37209302,3.779069767,0
100,191009,PM5R1WW,1,1,5,PM,IP2367,Leaf,WW,PM_WW,Ethiopia,18.36,10.99945534,16.75,NA,10.75183769,7,639,646,646,7.968253968,565,7.968253968,7.968253968,54,4,3,1,26,0,26,10,231,184,16,45,486,16,24,26,6,0.898760426,0.066574846,0.049931135,0.016643712,0.432736502,0,0.432736502,0.166437116,3.84469738,3.062442935,0.266299386,0.748967022,8.088843838,0.266299386,0.399449078,0.432736502,0.09986227,8.359133127,0.619195046,0.464396285,0.154798762,4.024767802,0,1.547987616,35.75851393,28.48297214,2.476780186,6.965944272,2.476780186,3.715170279,4.024767802,0.92879257
101,191015,PM5R2WW,2,1,5,PM,IP2367,Leaf,WW,PM_WW,Ethiopia,13.02,8.279569892,11.85,NA,14.90010047,11,507,518,518,11.34146341,506,11.34146341,11.34146341,12,0,0,0,0,0,0,28,263,91,69,7,458,7,34,7,0,0.345176073,0,0,0,0,0,0,0.805410836,7.565108925,2.617585218,1.984762418,0.201352709,13.17422011,0.201352709,0.977998872,0.201352709,0,2.316602317,0,0,0,0,0,5.405405405,50.77220077,17.56756757,13.32046332,1.351351351,1.351351351,6.563706564,1.351351351,0
103,191505,PM5R1WS,1,1,5,PM,IP2367,Leaf,WS,PM_WS,Ethiopia,10.15,6.206896552,0,0.9,4.688111684,38,286,324,324,1.953271028,316,1.953271028,1.953271028,6,2,0,1,1,0,1,26,88,85,6,0,205,4,56,40,9,0.086816883,0.028938961,0,0.014469481,0.014469481,0,0.014469481,0.376206493,1.273314284,1.229905843,0.086816883,0,2.966243503,0.057877922,0.810290908,0.57877922,0.130225325,1.851851852,0.617283951,0,0.308641975,0.308641975,0,8.024691358,27.16049383,26.2345679,1.851851852,0,1.234567901,17.28395062,12.34567901,2.777777778
104,191513,PM5R2WS,2,1,5,PM,IP2367,Leaf,WS,PM_WS,Ethiopia,7.03,4.836415363,0,NA,11.41004742,62,469,531,528,2.545454545,507,2.545454545,2.6,21,0,8,0,2,1,3,0,240,78,41,0,359,5,99,33,3,0.451244813,0,0.171902786,0,0.042975697,0.021487848,0.064463545,0,5.15708358,1.676052164,0.881001778,0,7.714137522,0.107439241,2.127296977,0.709098992,0.064463545,3.977272727,0,1.515151515,0,0.378787879,0.189393939,0,45.45454545,14.77272727,7.765151515,0,0.946969697,18.18181818,6.25,0.568181818
106,191010,PM9R1WW,1,1,9,PM,IP18021,Leaf,WW,PM_WW,Pakistan,24.8,6.320564516,21.4,1.39,12.50501843,19,478,497,497,20.8,436,20.8,20.8,60,0,0,1,0,0,0,10,170,186,39,0,405,11,8,9,3,1.509660173,0,0,0.025161003,0,0,0,0.251610029,4.27737049,4.679946536,0.981279112,0,10.19020617,0.276771032,0.201288023,0.226449026,0.075483009,12.07243461,0,0,0.201207243,0,0,2.012072435,34.20523139,37.42454728,7.847082495,0,2.213279678,1.609657948,1.810865191,0.60362173
107,191016,PM9R2WW,2,1,9,PM,IP18021,Leaf,WW,PM_WW,Pakistan,15.19,6.958525346,14.55,NA,11.80364418,9,457,466,466,6.274193548,451,6.274193548,6.274193548,15,2,2,0,0,0,0,52,262,57,0,14,385,4,47,10,1,0.379945628,0.050659417,0.050659417,0,0,0,0,1.317144845,6.63638364,1.443793387,0,0.35461592,9.751937792,0.101318834,1.190496302,0.253297086,0.025329709,3.21888412,0.429184549,0.429184549,0,0,0,11.15879828,56.22317597,12.23175966,0,3.004291845,0.858369099,10.08583691,2.145922747,0.214592275
109,191504,PM9R1WS,1,1,9,PM,IP18021,Leaf,WS,PM_WS,Pakistan,8.29,11.32689988,0,NA,5.909545706,9,450,459,459,3.455445545,450,3.455445545,3.455445545,9,0,10,0,0,0,0,58,173,82,26,0,339,10,80,4,7,0.115873445,0,0.128748272,0,0,0,0,0.74673998,2.227345114,1.055735834,0.334745508,0,4.364566436,0.128748272,1.02998618,0.051499309,0.090123791,1.960784314,0,2.178649237,0,0,0,12.63616558,37.69063181,17.86492375,5.664488017,0,2.178649237,17.4291939,0.871459695,1.525054466
110,191519,PM9R2WS,2,1,9,PM,IP18021,Leaf,WS,PM_WS,Pakistan,8.25,10.95757576,0,0.22,6.850167679,23,408,431,431,5.313432836,423,5.313432836,5.313432836,5,0,2,0,1,2,3,15,169,135,31,0,350,6,40,19,6,0.079468303,0,0.031787321,0,0.015893661,0.031787321,0.047680982,0.238404908,2.686028626,2.145644169,0.492703476,0,5.562781178,0.095361963,0.63574642,0.30197955,0.095361963,1.160092807,0,0.464037123,0,0.232018561,0.464037123,3.480278422,39.21113689,31.3225058,7.192575406,0,1.392111369,9.280742459,4.408352668,1.392111369
112,19103,S2R1WW,1,2,2,S,IS23075,Leaf,WW,S_WW,Sudan,26.77,7.986552111,21.21,3.57,21.97537227,17,696,713,713,5.41509434,680,5.41509434,5.41509434,33,0,0,0,0,0,0,479,47,13,7,0,546,28,101,4,1,1.017092966,0,0,0,0,0,0,14.76325851,1.448586952,0.400672987,0.215746993,0,16.82826544,0.862987971,3.112920896,0.123283996,0.030820999,4.628330996,0,0,0,0,0,67.18092567,6.591865358,1.823281907,0.981767181,0,3.927068724,14.1654979,0.561009818,0.140252454
113,19116,S2R2WW,2,1,2,S,IS23075,Leaf,WW,S_WW,Sudan,31.98,8.033145716,25.6,4.4,19.36166822,11,593,604,604,7,584,7,7,19,0,0,0,1,0,1,402,58,26,1,0,487,24,66,6,1,0.668857629,0,0,0,0.035203033,0,0.035203033,14.15161932,2.041775922,0.915278861,0.035203033,0,17.14387713,0.844872795,2.323400187,0.211218199,0.035203033,3.145695364,0,0,0,0.165562914,0,66.55629139,9.602649007,4.304635762,0.165562914,0,3.973509934,10.92715232,0.993377483,0.165562914
115,19506,S2R1WS,1,1,2,S,IS23075,Leaf,WS,S_WS,Sudan,8.72,8.245412844,0,0.23,40.29411765,24,661,685,634,8.848484848,650,8.848484848,8.242424242,35,0,0,0,0,0,0,332,189,15,2,2,540,44,52,11,3,2.058823529,0,0,0,0,0,0,19.52941176,11.11764706,0.882352941,0.117647059,0.117647059,31.76470588,2.588235294,3.058823529,0.647058824,0.176470588,4.100946372,0,0,0,0,0,46.21451104,29.81072555,2.365930599,0.315457413,0.315457413,6.782334385,8.201892744,1.735015773,0.47318612
116,19517,S2R2WS,2,1,2,S,IS23075,Leaf,WS,S_WS,Sudan,8.6,12.37209302,0,0.28,24.08532467,13,489,502,502,6.179104478,481,6.179104478,6.179104478,21,0,0,0,0,0,0,271,111,17,0,2,401,13,51,13,3,1.007553422,0,0,0,0,0,0,13.00223702,5.325639518,0.815638485,0,0.095957469,19.23947249,0.623723547,2.446915454,0.623723547,0.143936203,4.183266932,0,0,0,0,0,53.98406375,22.11155378,3.386454183,0,0.398406375,2.589641434,10.15936255,2.589641434,0.597609562
118,19107,S6R1WW,1,1,6,S,IS38025,Leaf,WW,S_WW,Ethiopia,27.96,16.97067239,22.35,3.6,26.43626374,31,401,432,429,7.666666667,416,7.666666667,7.604166667,16,0,0,0,0,0,0,262,27,52,7,14,362,6,29,15,4,0.979120879,0,0,0,0,0,0,16.0331044,1.652266484,3.182142857,0.428365385,0.856730769,22.15260989,0.36717033,1.774656593,0.917925824,0.24478022,3.72960373,0,0,0,0,0,61.07226107,5.594405594,12.12121212,1.631701632,3.263403263,1.398601399,6.75990676,3.496503497,0.932400932
119,19120,S6R2WW,2,1,6,S,IS38025,Leaf,WW,S_WW,Ethiopia,23.53,17.46706332,17.94,3.58,11.99769743,22,414,436,413,4.539473684,421,4.539473684,4.32,14,0,0,0,1,0,1,262,32,30,5,0,329,16,29,45,2,0.385247165,0,0,0,0.027517655,0,0.027517655,7.209625517,0.880564949,0.825529639,0.137588273,0,9.053308378,0.440282474,0.798011985,1.238294459,0.055035309,3.147699758,0,0,0,0.242130751,0,58.3535109,7.748184019,7.263922518,1.210653753,0,3.87409201,6.779661017,10.89588378,0.484261501
121,19510,S6R1WS,1,1,6,S,IS38025,Leaf,WS,S_WS,Ethiopia,6.56,29.69512195,0,0.19,16.62369002,19,592,611,611,7.352112676,593,7.352112676,7.352112676,17,0,0,0,1,0,1,464,36,6,3,0,509,13,56,10,5,0.462524927,0,0,0,0.027207349,0,0.027207349,12.62420977,0.979464551,0.163244092,0.081622046,0,13.84854046,0.353695532,1.523611524,0.272073486,0.136036743,2.782324059,0,0,0,0.163666121,0,75.9410802,5.89198036,0.981996727,0.490998363,0,2.127659574,9.165302782,1.636661211,0.818330606
122,19513,S6R2WS,2,1,6,S,IS38025,Leaf,WS,S_WS,Ethiopia,7.69,24.4213264,0,0.23,49.8702341,10,493,503,501,19.25,486,19.25,19.16666667,17,0,0,0,0,0,0,384,65,8,0,0,457,5,15,5,4,1.685475109,0,0,0,0,0,0,38.07190834,6.444463651,0.793164757,0,0,45.30953674,0.495727973,1.487183919,0.495727973,0.396582379,3.393213573,0,0,0,0,0,76.24750499,12.9740519,1.596806387,0,0,0.998003992,2.994011976,0.998003992,0.798403194
124,19104,S9R1WW,1,1,9,S,IS35216,Leaf,WW,S_WW,Pakistan,22.39,9.754354623,17.12,3.29,62.97836261,17,855,872,860,7.606382979,809,7.606382979,7.663043478,53,0,0,1,9,0,9,590,62,21,1,0,674,41,55,39,0,3.771585557,0,0,0.071161992,0.640457925,0,0.640457925,41.98557507,4.412043482,1.494401825,0.071161992,0,47.96318237,2.917641658,3.913909541,2.775317674,0,6.162790698,0,0,0.11627907,1.046511628,0,68.60465116,7.209302326,1.279069767,0.11627907,0,4.76744186,6.395348837,4.302325581,0
125,19111,S9R2WW,2,1,9,S,IS35216,Leaf,WW,S_WW,Pakistan,8.88,9.63963964,6.01,0.85,35.04703058,7,1108,1115,1115,9.612244898,1040,9.612244898,9.612244898,69,0,0,0,6,0,6,812,89,9,0,0,910,32,71,26,1,2.168829695,0,0,0,0.188593887,0,0.188593887,25.52303931,2.797475984,0.28289083,0,0,28.60340613,1.005834062,2.231694324,0.817240175,0.031432314,6.188340807,0,0,0,0.538116592,0,72.82511211,7.98206278,0.807174888,0,0,2.869955157,6.367713004,2.331838565,0.089686099
127,19505,S9R1WS,1,1,9,S,IS35216,Leaf,WS,S_WS,Pakistan,8.04,6.654228856,0,0.07,57.05107526,11,903,914,833,4.896551724,855,4.896551724,4.713235294,54,0,0,3,2,0,2,603,83,15,1,0,702,8,108,36,1,3.370632455,0,0,0.187257359,0.124838239,0,0.124838239,37.63872908,5.180786922,0.936286793,0.06241912,0,43.81822192,0.499352956,6.741264911,2.247088304,0.06241912,6.12244898,0,0,0.360144058,0.240096038,0,64.10564226,9.963985594,1.800720288,0.120048019,0,0.960384154,11.8847539,4.321728691,0.120048019
128,19514,S9R2WS,2,1,9,S,IS35216,Leaf,WS,S_WS,Pakistan,7.96,6.35678392,0,0.06,36.9691032,6,571,577,577,10.47916667,551,10.47916667,10.47916667,26,0,0,0,0,0,0,439,47,7,0,0,493,10,19,23,6,1.665852137,0,0,0,0,0,0,28.12727262,3.011348094,0.448498652,0,0,31.58711937,0.64071236,1.217353485,1.473638429,0.384427416,4.506065858,0,0,0,0,0,76.08318891,8.145580589,1.213171577,0,0,1.733102253,3.292894281,3.986135182,1.039861352
130,192002,FM1R1WW,1,2,1,FM,IE2511,Leaf,WW,FM_WW,Kenya,43.03,5.923774111,34.53,6.48,4.12790009,66,419,485,485,12.5,459,12.5,12.5,14,25,9,1,8,3,11,0,126,216,68,0,410,15,0,0,0,0.119155879,0.212778355,0.076600208,0.008511134,0.068089074,0.025533403,0.093622476,0,1.07240291,1.838404989,0.578757126,0,3.489565025,0.127667013,0,0,0,2.886597938,5.154639175,1.855670103,0.206185567,1.649484536,0.618556701,0,25.97938144,44.53608247,14.02061856,0,3.092783505,0,0,0
136,192003,FM6R1WW,1,1,6,FM,IE4450,Leaf,WW,FM_WW,Tanzania,34.21,10.55539316,27.61,4.61,45.18143668,31,495,526,526,17.46428571,517,17.46428571,17.46428571,9,23,3,0,0,0,0,0,259,203,10,0,472,17,2,0,0,0.773066407,1.975614151,0.257688802,0,0,0,0,0,22.24713327,17.43694229,0.858962674,0,40.54303823,1.460236547,0.171792535,0,0,1.711026616,4.372623574,0.570342205,0,0,0,0,49.23954373,38.59315589,1.901140684,0,3.231939163,0.380228137,0,0
142,191006,PM2R1WW,1,2,2,PM,IP9859,Leaf,WW,PM_WW,Sudan,33.16,5.391737033,25.19,5.96,13.04517706,32,302,334,334,2.738095238,314,2.738095238,2.738095238,18,1,9,2,0,0,0,4,127,86,2,8,227,3,58,16,0,0.703033494,0.039057416,0.351516747,0.078114833,0,0,0,0.156229665,4.960291877,3.358937806,0.078114833,0.312459331,8.866033512,0.117172249,2.265330149,0.624918662,0,5.389221557,0.299401198,2.694610778,0.598802395,0,0,1.19760479,38.0239521,25.74850299,0.598802395,2.395209581,0.898203593,17.36526946,4.790419162,0
148,191005,PM7R1WW,1,2,7,PM,IP18019,Leaf,WW,PM_WW,Pakistan,25.84,8.289473684,22.81,1.02,16.49549211,13,315,328,324,6.780487805,319,6.780487805,6.682926829,8,0,2,1,0,0,0,48,158,55,8,0,269,9,23,11,5,0.402329076,0,0.100582269,0.050291134,0,0,0,2.413974455,7.945999249,2.766012397,0.402329076,0,13.52831518,0.45262021,1.156696093,0.553202479,0.251455672,2.469135802,0,0.617283951,0.308641975,0,0,14.81481481,48.7654321,16.66666667,1.851851852,0,2.469135802,7.098765432,3.395061728,1.543209877
154,19106,S5R1WW,1,1,5,S,IS11061,Leaf,WW,S_WW,Ethiopia,16.3,5.282208589,11.77,2.55,21.67977066,9,661,670,653,9.540983607,643,9.540983607,9.262295082,24,0,1,0,3,0,3,233,277,0,44,0,554,28,45,14,1,0.7765888,0,0.032357867,0,0.0970736,0,0.0970736,7.53938293,8.963129062,0,1.423746133,0,17.92625812,0.906020266,1.456103999,0.453010133,0.032357867,3.675344564,0,0.153139357,0,0.45941807,0,35.68147014,39.96937213,0,6.7381317,0,4.134762634,6.891271057,2.143950995,0.153139357
160,19108,S8R1WW,1,2,8,S,IS35215,Leaf,WW,S_WW,Pakistan,20.12,6.928429423,18.11,0.98,19.38402926,21,1035,1056,1031,5.643835616,970,5.643835616,5.948529412,80,0,1,0,6,0,6,185,533,7,11,56,792,32,101,44,0,1.504095384,0,0.018801192,0,0.112807154,0,0.112807154,3.478220575,10.02103549,0.131608346,0.206813115,1.052866769,14.8905443,0.601638153,1.898920422,0.827252461,0,7.759456838,0,0.09699321,0,0.581959263,0,17.94374394,50.24248303,0.678952473,1.066925315,5.431619787,3.103782735,8.826382153,4.267701261,0